state1,state2,ks_statistic,p_value,n1,n2
Engaged,Lapsed,0.12452139376726964,1.8427198950605571e-10,2948,988
Engaged,Mixed,0.05273329401624098,0.005379489288865454,2948,1645
Lapsed,Mixed,0.14155704318078338,2.96532480098795e-11,988,1645
